qid,docid,rel
20141,NCT00000408,0
20141,NCT00000492,1
20141,NCT00000501,0
20141,NCT00001853,0
20141,NCT00004727,0
20141,NCT00005127,2
20141,NCT00005485,2
20141,NCT00005757,2
20141,NCT00077948,0
20141,NCT00108381,0
20141,NCT00124969,0
20141,NCT00129233,1
20141,NCT00134160,0
20141,NCT00141583,1
20141,NCT00143195,2
20141,NCT00149227,1
20141,NCT00162344,1
20141,NCT00166231,0
20141,NCT00175279,2
20141,NCT00185120,0
20141,NCT00190489,0
20141,NCT00202566,0
20141,NCT00225355,1
20141,NCT00252421,0
20141,NCT00285649,0
20141,NCT00337116,0
20141,NCT00348803,0
20141,NCT00356707,0
20141,NCT00373828,2
20141,NCT00375089,0
20141,NCT00413712,0
20141,NCT00418392,0
20141,NCT00424021,0
20141,NCT00454662,0
20141,NCT00462241,0
20141,NCT00479908,1
20141,NCT00486954,0
20141,NCT00536224,0
20141,NCT00598728,0
20141,NCT00623454,0
20141,NCT00624273,0
20141,NCT00644319,0
20141,NCT00683813,2
20141,NCT00705952,0
20141,NCT00736333,0
20141,NCT00745043,0
20141,NCT00752674,0
20141,NCT00780260,0
20141,NCT00797953,1
20141,NCT00802230,1
20141,NCT00808652,1
20141,NCT00809029,2
20141,NCT00832442,2
20141,NCT00840593,0
20141,NCT00848250,0
20141,NCT00883987,0
20141,NCT00896285,0
20141,NCT00925119,0
20141,NCT00932867,0
20141,NCT00937365,0
20141,NCT00951808,0
20141,NCT00952744,2
20141,NCT00974116,0
20141,NCT00979199,1
20141,NCT00986180,0
20141,NCT00992927,0
20141,NCT01028534,0
20141,NCT01056367,0
20141,NCT01080274,0
20141,NCT01087723,0
20141,NCT01134328,0
20141,NCT01162902,1
20141,NCT01167205,0
20141,NCT01171911,0
20141,NCT01175889,0
20141,NCT01203696,1
20141,NCT01211171,0
20141,NCT01216020,0
20141,NCT01228123,0
20141,NCT01231165,1
20141,NCT01250262,0
20141,NCT01253486,2
20141,NCT01276548,0
20141,NCT01284179,0
20141,NCT01290770,0
20141,NCT01293019,0
20141,NCT01332188,0
20141,NCT01334203,0
20141,NCT01365286,0
20141,NCT01397994,1
20141,NCT01407146,1
20141,NCT01429194,1
20141,NCT01444833,0
20141,NCT01450020,0
20141,NCT01484912,0
20141,NCT01494870,0
20141,NCT01506999,0
20141,NCT01559948,0
20141,NCT01561001,0
20141,NCT01576978,0
20141,NCT01657136,0
20141,NCT01658033,0
20141,NCT01660594,1
20141,NCT01675362,0
20141,NCT01682057,1
20141,NCT01719952,0
20141,NCT01724567,2
20141,NCT01724996,0
20141,NCT01736306,0
20141,NCT01770080,0
20141,NCT01829659,1
20141,NCT01838616,0
20141,NCT01847014,0
20141,NCT01879293,0
20141,NCT01904695,0
20141,NCT02001545,1
20141,NCT02011646,0
20141,NCT02015858,0
20141,NCT02062424,1
20141,NCT02072694,0
20141,NCT02078921,0
20141,NCT02105220,0
20141,NCT02144636,1
20141,NCT02148289,0
20141,NCT02158962,0
20141,NCT02159625,0
20141,NCT02190123,0
20141,NCT02226510,0
20141,NCT02232607,0
20141,NCT02271568,1
20141,NCT02272920,1
20141,NCT02319161,0
20141,NCT02347111,0
20141,NCT02357212,1
20141,NCT02381340,2
20141,NCT02390323,0
20141,NCT02408263,0
20141,NCT02472938,0
20141,NCT02507050,0
20141,NCT02516839,0
20141,NCT02532699,2
20141,NCT02608255,1
20141,NCT02626741,0
201410,NCT00043277,0
201410,NCT00102037,0
201410,NCT00154674,0
201410,NCT00171054,0
201410,NCT00314002,0
201410,NCT00324233,0
201410,NCT00392639,0
201410,NCT00471289,0
201410,NCT00497094,0
201410,NCT00533156,1
201410,NCT00633503,0
201410,NCT00667381,1
201410,NCT00674778,1
201410,NCT00736086,1
201410,NCT00742014,0
201410,NCT00827957,0
201410,NCT00838175,0
201410,NCT00843297,0
201410,NCT00846846,0
201410,NCT00970476,0
201410,NCT01001663,0
201410,NCT01108120,0
201410,NCT01121510,1
201410,NCT01133119,1
201410,NCT01297387,0
201410,NCT01397175,0
201410,NCT01443104,0
201410,NCT01479153,0
201410,NCT01556373,0
201410,NCT01599195,2
201410,NCT01600482,1
201410,NCT01631448,0
201410,NCT01683448,0
201410,NCT01691911,2
201410,NCT01745692,0
201410,NCT01776151,0
201410,NCT01855698,0
201410,NCT01868698,0
201410,NCT01870310,0
201410,NCT01943344,1
201410,NCT02033720,0
201410,NCT02069275,0
201410,NCT02074371,0
201410,NCT02097186,2
201410,NCT02163031,0
201410,NCT02200783,1
201410,NCT02216305,0
201410,NCT02237430,0
201410,NCT02241642,1
201410,NCT02264964,1
201410,NCT02341196,0
201410,NCT02389023,1
201410,NCT02419053,0
201410,NCT02426710,0
201410,NCT02453321,0
201410,NCT02519933,0
201410,NCT02525926,0
201410,NCT02583906,0
201410,NCT02626156,0
201410,NCT02634138,2
201411,NCT00243152,0
201411,NCT00322621,0
201411,NCT00382421,1
201411,NCT00413855,0
201411,NCT00760903,0
201411,NCT00769275,0
201411,NCT00929773,0
201411,NCT00944333,1
201411,NCT01184846,0
201411,NCT01188993,0
201411,NCT01200628,0
201411,NCT01219023,0
201411,NCT01296789,1
201411,NCT01464671,1
201411,NCT01526382,1
201411,NCT01533519,0
201411,NCT01539161,0
201411,NCT01558206,2
201411,NCT01665521,0
201411,NCT01672697,0
201411,NCT01723137,2
201411,NCT01792336,0
201411,NCT01827007,0
201411,NCT01839786,0
201411,NCT01890044,0
201411,NCT01973907,0
201411,NCT01997047,0
201411,NCT02011477,0
201411,NCT02072538,0
201411,NCT02099071,0
201411,NCT02104050,0
201411,NCT02168998,0
201411,NCT02177188,0
201411,NCT02214030,1
201411,NCT02258243,0
201411,NCT02302534,0
201411,NCT02336542,0
201411,NCT02353793,0
201411,NCT02481076,0
201411,NCT02502513,0
201411,NCT02517944,0
201411,NCT02623556,0
201412,NCT00011102,0
201412,NCT00111735,0
201412,NCT00124384,0
201412,NCT00194259,0
201412,NCT00261898,0
201412,NCT00264901,0
201412,NCT00271427,2
201412,NCT00360074,1
201412,NCT00497575,2
201412,NCT00565890,0
201412,NCT00593736,0
201412,NCT00606840,2
201412,NCT00646451,0
201412,NCT00686426,2
201412,NCT00715572,2
201412,NCT00759993,0
201412,NCT00812162,0
201412,NCT00819624,0
201412,NCT00915642,0
201412,NCT00948610,0
201412,NCT01041261,0
201412,NCT01131429,0
201412,NCT01197183,2
201412,NCT01221935,0
201412,NCT01260532,0
201412,NCT01280292,0
201412,NCT01307618,0
201412,NCT01319370,0
201412,NCT01551498,1
201412,NCT01574859,0
201412,NCT01576705,0
201412,NCT01739972,0
201412,NCT01835236,0
201412,NCT01840332,1
201412,NCT01848171,0
201412,NCT01874704,0
201412,NCT01986140,0
201412,NCT02015936,0
201412,NCT02027077,0
201412,NCT02086799,0
201412,NCT02094079,0
201412,NCT02126683,0
201412,NCT02190214,0
201412,NCT02201069,0
201412,NCT02290405,0
201412,NCT02316418,0
201412,NCT02379728,0
201412,NCT02399423,0
201412,NCT02491567,1
201412,NCT02548715,0
201412,NCT02575001,0
201412,NCT02597582,0
201412,NCT02627937,0
201413,NCT00067691,0
201413,NCT00163709,2
201413,NCT00302601,1
201413,NCT00314548,0
201413,NCT00318071,0
201413,NCT00341848,0
201413,NCT00356551,0
201413,NCT00522977,0
201413,NCT00573053,0
201413,NCT00692198,0
201413,NCT00712998,0
201413,NCT00782912,1
201413,NCT00839124,0
201413,NCT00848731,1
201413,NCT00974337,0
201413,NCT01004939,0
201413,NCT01095406,1
201413,NCT01097928,1
201413,NCT01098851,0
201413,NCT01232387,0
201413,NCT01262742,0
201413,NCT01274637,0
201413,NCT01321788,0
201413,NCT01428817,0
201413,NCT01463202,0
201413,NCT01468194,0
201413,NCT01498094,0
201413,NCT01535248,0
201413,NCT01566058,1
201413,NCT01620723,0
201413,NCT01621685,0
201413,NCT01630655,0
201413,NCT01684592,0
201413,NCT01689961,0
201413,NCT01692821,1
201413,NCT01787773,1
201413,NCT01828697,0
201413,NCT01858129,1
201413,NCT01870830,0
201413,NCT01935141,2
201413,NCT01959009,0
201413,NCT01991886,0
201413,NCT02010840,0
201413,NCT02043223,0
201413,NCT02094547,0
201413,NCT02150616,0
201413,NCT02210702,0
201413,NCT02221895,1
201413,NCT02231398,0
201413,NCT02258958,0
201413,NCT02264769,1
201413,NCT02307201,0
201413,NCT02309489,0
201413,NCT02372461,0
201413,NCT02399774,0
201413,NCT02447731,0
201413,NCT02449928,0
201413,NCT02458625,1
201413,NCT02523586,1
201413,NCT02526433,2
201413,NCT02600260,0
201413,NCT02615834,0
201413,NCT02616991,1
201414,NCT00006196,0
201414,NCT00094952,0
201414,NCT00182884,0
201414,NCT00189046,0
201414,NCT00302692,1
201414,NCT00419874,2
201414,NCT00424736,0
201414,NCT00450047,0
201414,NCT00482001,0
201414,NCT00493714,0
201414,NCT00512655,0
201414,NCT00613886,0
201414,NCT00760734,0
201414,NCT00906711,0
201414,NCT00928915,0
201414,NCT00928941,0
201414,NCT01075035,2
201414,NCT01162343,0
201414,NCT01182961,0
201414,NCT01196299,2
201414,NCT01199276,0
201414,NCT01263067,0
201414,NCT01316965,0
201414,NCT01331512,0
201414,NCT01392820,0
201414,NCT01397643,0
201414,NCT01470040,0
201414,NCT01564303,0
201414,NCT01574950,0
201414,NCT01619293,2
201414,NCT01624545,2
201414,NCT01633593,0
201414,NCT01674140,0
201414,NCT01774240,0
201414,NCT01804426,0
201414,NCT01836848,0
201414,NCT01862952,0
201414,NCT01869855,1
201414,NCT01922115,0
201414,NCT01947959,0
201414,NCT01991405,0
201414,NCT02028260,0
201414,NCT02035436,0
201414,NCT02039999,0
201414,NCT02051270,0
201414,NCT02086981,2
201414,NCT02120664,0
201414,NCT02131181,0
201414,NCT02172625,0
201414,NCT02199093,0
201414,NCT02213380,0
201414,NCT02227225,0
201414,NCT02237703,0
201414,NCT02266563,0
201414,NCT02267538,0
201414,NCT02323984,0
201414,NCT02355483,0
201414,NCT02366299,0
201414,NCT02394418,0
201414,NCT02404181,0
201414,NCT02465307,1
201414,NCT02477007,0
201414,NCT02505061,0
201414,NCT02513316,0
201414,NCT02518646,1
201414,NCT02527499,0
201414,NCT02531542,1
201414,NCT02558777,0
201414,NCT02564939,0
201414,NCT02577731,0
201414,NCT02591043,0
201414,NCT02603731,0
201414,NCT02631304,0
201415,NCT00003702,1
201415,NCT00044876,0
201415,NCT00150644,1
201415,NCT00156208,0
201415,NCT00166790,2
201415,NCT00180739,1
201415,NCT00190918,2
201415,NCT00237965,0
201415,NCT00248144,0
201415,NCT00277680,2
201415,NCT00288938,0
201415,NCT00340288,1
201415,NCT00361036,0
201416,NCT00001252,2
201416,NCT00001552,1
201416,NCT00001986,1
201416,NCT00061139,0
201416,NCT00080366,0
201416,NCT00102596,0
201416,NCT00393926,0
201416,NCT00432666,0
201416,NCT00462449,0
201416,NCT00565201,0
201416,NCT00597701,0
201416,NCT00656097,0
201416,NCT00703521,0
201416,NCT00740090,0
201416,NCT00906971,0
201416,NCT00948272,0
201416,NCT00955838,0
201416,NCT01025726,1
201416,NCT01044199,0
201416,NCT01047839,0
201416,NCT01060748,0
201416,NCT01075269,0
201416,NCT01081275,0
201416,NCT01228383,0
201416,NCT01281475,0
201416,NCT01286493,1
201416,NCT01373879,0
201416,NCT01387074,0
201416,NCT01388400,0
201416,NCT01466387,0
201416,NCT01603875,0
201416,NCT01635647,0
201416,NCT01683838,0
201416,NCT01767480,0
201416,NCT01827917,0
201416,NCT01930357,0
201416,NCT01932463,0
201416,NCT01936298,0
201416,NCT01949909,0
201416,NCT02043145,0
201416,NCT02074150,0
201416,NCT02122159,0
201416,NCT02177032,0
201416,NCT02199015,0
201416,NCT02238756,1
201416,NCT02241135,0
201416,NCT02339896,0
201416,NCT02359253,0
201416,NCT02359812,0
201416,NCT02374814,1
201416,NCT02418858,0
201416,NCT02420106,0
201416,NCT02427854,0
201416,NCT02491541,0
201416,NCT02547727,0
201416,NCT02552290,0
201416,NCT02564471,0
201416,NCT02596659,0
201417,NCT00006319,2
201417,NCT00138346,1
201417,NCT00263237,1
201417,NCT00266513,1
201417,NCT00280514,1
201417,NCT00304135,0
201417,NCT00435032,0
201417,NCT00520494,0
201417,NCT00526188,0
201417,NCT00630513,1
201417,NCT00641992,0
201417,NCT00673374,0
201417,NCT00677989,0
201417,NCT00722709,0
201417,NCT00886210,0
201417,NCT00935779,0
201417,NCT01009450,1
201417,NCT01030211,0
201417,NCT01068288,0
201417,NCT01147640,1
201417,NCT01206868,0
201417,NCT01226394,0
201417,NCT01235546,0
201417,NCT01310361,0
201417,NCT01315795,0
201417,NCT01329458,0
201417,NCT01410526,0
201417,NCT01412593,0
201417,NCT01421901,0
201417,NCT01487486,0
201417,NCT01512277,0
201417,NCT01627119,0
201417,NCT01745731,1
201417,NCT01849354,0
201417,NCT01851460,0
201417,NCT02027402,0
201417,NCT02032914,1
201417,NCT02048319,0
201417,NCT02085564,0
201417,NCT02140034,0
201417,NCT02261584,0
201417,NCT02297659,2
201417,NCT02303366,0
201417,NCT02328352,0
201417,NCT02380560,0
201417,NCT02415010,0
201417,NCT02417740,1
201417,NCT02463877,0
201417,NCT02556359,1
201417,NCT02585141,0
201418,NCT00001676,0
201418,NCT00004496,0
201418,NCT00004696,1
201418,NCT00006137,0
201418,NCT00027417,0
201418,NCT00226369,0
201418,NCT00231322,0
201418,NCT00232401,0
201418,NCT00298454,1
201418,NCT00313807,0
201418,NCT00362869,0
201418,NCT00539292,0
201418,NCT00549107,1
201418,NCT00555321,0
201418,NCT00556491,0
201418,NCT00557219,2
201418,NCT00572715,1
201418,NCT00577525,1
201418,NCT00624637,0
201418,NCT00738283,0
201418,NCT00747864,1
201418,NCT00770705,0
201418,NCT00774137,1
201418,NCT00776646,0
201418,NCT00778349,0
201418,NCT00821522,1
201418,NCT00908037,0
201418,NCT00934843,0
201418,NCT00952263,0
201418,NCT00974337,1
201418,NCT01062828,0
201418,NCT01084980,0
201418,NCT01142115,0
201418,NCT01143246,0
201418,NCT01156428,0
201418,NCT01219998,1
201418,NCT01233869,0
201418,NCT01243996,0
201418,NCT01260259,0
201418,NCT01260883,2
201418,NCT01309477,0
201418,NCT01569698,1
201418,NCT01641289,0
201418,NCT01700231,0
201418,NCT01795638,0
201418,NCT01869933,0
201418,NCT01870011,0
201418,NCT01918618,0
201418,NCT01973088,0
201418,NCT02016053,0
201418,NCT02046135,0
201418,NCT02081235,0
201418,NCT02081261,0
201418,NCT02081274,0
201418,NCT02147470,0
201418,NCT02195713,0
201418,NCT02213757,0
201418,NCT02233010,0
201418,NCT02276170,0
201418,NCT02282930,1
201418,NCT02306642,0
201418,NCT02311530,0
201418,NCT02312115,0
201418,NCT02313636,0
201418,NCT02338895,0
201418,NCT02361736,0
201418,NCT02415049,0
201418,NCT02443389,0
201418,NCT02489669,0
201418,NCT02495220,0
201418,NCT02495909,0
201418,NCT02531412,0
201418,NCT02560584,0
201418,NCT02599155,1
20142,NCT00000932,0
20142,NCT00086879,0
20142,NCT00094887,0
20142,NCT00095316,0
20142,NCT00096772,0
20142,NCT00132951,0
20142,NCT00161772,0
20142,NCT00161798,0
20142,NCT00161824,0
20142,NCT00161863,0
20142,NCT00161967,0
20142,NCT00163540,0
20142,NCT00163618,0
20142,NCT00237016,1
20142,NCT00311441,0
20142,NCT00385632,0
20142,NCT00386035,0
20142,NCT00432003,0
20142,NCT00455468,0
20142,NCT00460486,0
20142,NCT00498654,0
20142,NCT00503529,0
20142,NCT00507871,0
20142,NCT00513500,0
20142,NCT00617344,0
20142,NCT00680836,0
20142,NCT00694655,0
20142,NCT00711399,2
20142,NCT00740155,0
20142,NCT00840801,0
20142,NCT00851487,0
20142,NCT00894686,0
20142,NCT01017081,2
20142,NCT01070732,0
20142,NCT01075204,0
20142,NCT01087892,0
20142,NCT01099943,1
20142,NCT01147445,0
20142,NCT01177657,0
20142,NCT01201252,0
20142,NCT01202201,0
20142,NCT01241201,0
20142,NCT01253967,0
20142,NCT01253980,1
20142,NCT01269554,1
20142,NCT01359020,0
20142,NCT01521403,0
20142,NCT01589926,0
20142,NCT01627327,0
20142,NCT01663155,0
20142,NCT01670149,0
20142,NCT01707485,2
20142,NCT01739673,0
20142,NCT02052934,0
20142,NCT02139163,0
20142,NCT02269761,2
20142,NCT02380352,2
20142,NCT02383680,0
20142,NCT02391909,0
20142,NCT02441699,0
20142,NCT02618655,1
20142,NCT02625129,0
201421,NCT00001789,1
201421,NCT00005436,1
201421,NCT00006055,2
201421,NCT00008749,2
201421,NCT00036491,1
201421,NCT00065806,2
201421,NCT00071175,2
201421,NCT00071487,1
201421,NCT00074373,0
201421,NCT00119678,1
201421,NCT00125307,2
201421,NCT00172666,2
201421,NCT00181298,1
201421,NCT00215800,1
201421,NCT00222183,1
201421,NCT00230035,1
201421,NCT00275899,2
201421,NCT00282347,1
201421,NCT00297284,1
201421,NCT00342329,1
201421,NCT00343187,0
201421,NCT00364728,2
201421,NCT00371501,2
201421,NCT00392093,0
201421,NCT00413361,1
201421,NCT00430677,1
201421,NCT00470522,1
201421,NCT00504244,1
201421,NCT00512694,1
201421,NCT00539799,1
201421,NCT00581763,2
201421,NCT00582465,2
201421,NCT00611663,1
201421,NCT00637819,2
201421,NCT00731302,1
201421,NCT00760669,0
201421,NCT00779194,1
201421,NCT00866229,1
201421,NCT00908037,0
201421,NCT00965809,0
201421,NCT00982670,2
201421,NCT00997100,1
201421,NCT01018238,1
201421,NCT01031797,1
201421,NCT01076101,1
201421,NCT01101802,1
201421,NCT01176643,2
201421,NCT01187927,2
201421,NCT01230827,0
201421,NCT01266915,2
201421,NCT01276782,0
201421,NCT01330368,2
201421,NCT01381536,1
201421,NCT01413100,1
201421,NCT01413230,2
201421,NCT01421316,0
201421,NCT01440231,1
201421,NCT01512277,0
201421,NCT01520155,2
201421,NCT01549184,2
201421,NCT01551069,0
201421,NCT01597622,0
201421,NCT01632241,1
201421,NCT01649765,0
201421,NCT01689025,2
201421,NCT01689350,2
201421,NCT01705977,1
201421,NCT01729455,1
201421,NCT01784523,1
201421,NCT01923415,2
201421,NCT01924000,0
201421,NCT01931150,0
201421,NCT01946880,1
201421,NCT01950780,1
201421,NCT01992666,1
201421,NCT02006784,0
201421,NCT02034344,2
201421,NCT02074020,0
201421,NCT02080195,1
201421,NCT02119156,1
201421,NCT02176148,0
201421,NCT02239731,0
201421,NCT02260934,0
201421,NCT02284984,1
201421,NCT02444728,0
201421,NCT02455089,0
201421,NCT02477254,1
201421,NCT02530944,2
201421,NCT02554019,1
201421,NCT02558517,0
201421,NCT02591355,0
201421,NCT02633163,1
201422,NCT00172822,1
201422,NCT00236912,2
201422,NCT00674726,2
201422,NCT00677989,0
201422,NCT00723788,2
201422,NCT00908804,2
201422,NCT00913445,0
201422,NCT01022567,0
201422,NCT01024439,0
201422,NCT01027455,0
201422,NCT01068288,0
201422,NCT01096927,2
201422,NCT01115153,1
201422,NCT01192620,2
201422,NCT01610193,0
201422,NCT01678365,0
201422,NCT01698099,1
201422,NCT01718171,2
201422,NCT01825863,0
201422,NCT01925014,1
201422,NCT01953289,2
201422,NCT01979029,0
201422,NCT02004470,0
201422,NCT02017951,1
201422,NCT02018016,1
201422,NCT02029781,0
201422,NCT02047786,0
201422,NCT02134652,0
201422,NCT02137603,1
201422,NCT02194140,0
201422,NCT02271932,1
201422,NCT02375529,0
201422,NCT02439593,0
201422,NCT02447224,2
201422,NCT02469935,0
201422,NCT02507674,2
201422,NCT02535962,0
201422,NCT02574364,2
201422,NCT02624089,1
201422,NCT02633735,2
201423,NCT00018408,1
201423,NCT00084266,0
201423,NCT00108823,1
201423,NCT00116584,0
201423,NCT00170222,1
201423,NCT00181272,1
201423,NCT00181285,1
201423,NCT00190437,2
201423,NCT00263380,2
201423,NCT00274222,2
201423,NCT00440687,1
201423,NCT00441649,0
201423,NCT00455468,0
201423,NCT00476736,1
201423,NCT00512954,1
201423,NCT00595114,1
201423,NCT00605007,2
201423,NCT00628225,1
201423,NCT00774176,1
201423,NCT00788645,1
201423,NCT00791505,1
201423,NCT00807469,1
201423,NCT00839189,1
201423,NCT00860938,1
201423,NCT00883701,1
201423,NCT00893009,1
201423,NCT00974064,0
201423,NCT00981851,1
201423,NCT00985244,1
201423,NCT01091493,1
201423,NCT01213693,1
201423,NCT01232140,1
201423,NCT01248507,1
201423,NCT01252225,0
201423,NCT01254032,1
201423,NCT01296477,0
201423,NCT01297790,1
201423,NCT01314807,1
201423,NCT01337336,1
201423,NCT01344005,0
201423,NCT01381367,1
201423,NCT01395875,1
201423,NCT01396798,0
201423,NCT01431911,1
201423,NCT01460082,1
201423,NCT01589926,0
201423,NCT01621685,0
201423,NCT01694069,0
201423,NCT01701869,1
201423,NCT01710488,1
201423,NCT01742338,1
201423,NCT01798420,1
201423,NCT01801657,0
201423,NCT01877707,0
201423,NCT01892488,1
201423,NCT01950936,1
201423,NCT01997047,0
201423,NCT02092675,0
201423,NCT02136875,1
201423,NCT02181023,1
201423,NCT02209974,1
201423,NCT02219360,2
201423,NCT02220387,1
201423,NCT02264483,1
201423,NCT02269644,1
201423,NCT02282436,1
201423,NCT02284295,1
201423,NCT02299375,1
201423,NCT02333812,2
201423,NCT02386735,1
201423,NCT02490358,1
201423,NCT02534766,2
201423,NCT02605122,0
201423,NCT02619903,1
201423,NCT02633033,0
201424,NCT00115128,0
201424,NCT00222651,0
201424,NCT00228111,0
201424,NCT00344149,0
201424,NCT00424736,0
201424,NCT00440830,0
201424,NCT00587132,0
201424,NCT00625053,0
201424,NCT00625092,0
201424,NCT00630513,0
201424,NCT00726544,0
201424,NCT00754806,0
201424,NCT00769873,0
201424,NCT00775528,0
201424,NCT00778362,0
201424,NCT00870766,0
201424,NCT00950625,0
201424,NCT00965744,0
201424,NCT00970515,0
201424,NCT00997633,0
201424,NCT01013428,0
201424,NCT01044173,0
201424,NCT01074112,0
201424,NCT01103999,0
201424,NCT01113645,0
201424,NCT01196715,0
201424,NCT01265004,0
201424,NCT01276561,2
201424,NCT01279369,0
201424,NCT01297725,0
201424,NCT01322828,0
201424,NCT01376466,0
201424,NCT01387828,0
201424,NCT01412684,0
201424,NCT01441492,0
201424,NCT01451931,0
201424,NCT01518816,0
201424,NCT01594385,0
201424,NCT01632774,0
201424,NCT01762761,0
201424,NCT01771861,1
201424,NCT01816256,0
201424,NCT01828749,0
201424,NCT01852773,0
201424,NCT01869049,0
201424,NCT01887028,0
201424,NCT01895127,0
201424,NCT01911702,2
201424,NCT01944397,0
201424,NCT02029339,0
201424,NCT02073890,0
201424,NCT02140710,0
201424,NCT02149472,0
201424,NCT02198885,0
201424,NCT02217956,0
201424,NCT02229695,2
201424,NCT02232191,2
201424,NCT02233569,0
201424,NCT02269878,0
201424,NCT02302664,0
201424,NCT02310854,0
201424,NCT02331134,0
201424,NCT02376192,0
201424,NCT02378311,0
201424,NCT02399150,2
201424,NCT02494232,0
201424,NCT02505347,0
201424,NCT02513316,0
201424,NCT02527031,0
201424,NCT02584777,0
201424,NCT02624089,0
201426,NCT00082563,0
201426,NCT00132535,0
201426,NCT00132561,0
201426,NCT00144716,1
201426,NCT00164216,0
201426,NCT00233337,0
201426,NCT00258024,0
201426,NCT00294580,0
201426,NCT00373048,1
201426,NCT00373607,0
201426,NCT00442377,0
201426,NCT00494416,0
201426,NCT00497471,1
201426,NCT00589329,0
201426,NCT00641823,0
201426,NCT00730366,0
201426,NCT00970879,0
201426,NCT00984256,0
201426,NCT00984763,0
201426,NCT01078779,0
201426,NCT01218893,0
201426,NCT01236612,0
201426,NCT01422954,0
201426,NCT01546961,0
201426,NCT01557803,0
201426,NCT01728701,0
201426,NCT01729559,0
201426,NCT01746199,0
201426,NCT02080026,0
201426,NCT02084602,0
201426,NCT02098590,0
201426,NCT02498301,0
201426,NCT02511054,0
201426,NCT02557425,1
201426,NCT02564471,0
201427,NCT00026468,1
201427,NCT00055848,0
201427,NCT00140894,2
201427,NCT00224679,1
201427,NCT00253812,0
201427,NCT00319007,0
201427,NCT00485069,0
201427,NCT00525655,2
201427,NCT00586053,0
201427,NCT00641147,0
201427,NCT00663819,0
201427,NCT00685568,1
201427,NCT00728026,2
201427,NCT00748449,1
201427,NCT00770991,1
201427,NCT00808743,1
201427,NCT00823836,0
201427,NCT00843375,0
201427,NCT00900016,0
201427,NCT00905710,0
201427,NCT01173250,0
201427,NCT01187901,2
201427,NCT01245816,0
201427,NCT01422577,0
201427,NCT01483144,2
201427,NCT01495806,0
201427,NCT01647776,0
201427,NCT01713881,2
201427,NCT01722149,0
201427,NCT01725490,2
201427,NCT01729416,0
201427,NCT01737567,0
201427,NCT01761279,2
201427,NCT01767870,0
201427,NCT01960348,1
201427,NCT02016326,0
201427,NCT02081742,0
201427,NCT02113202,1
201427,NCT02470416,0
201427,NCT02521727,0
201427,NCT02538406,2
201429,NCT00000402,0
201429,NCT00000430,0
201429,NCT00001720,0
201429,NCT00001951,0
201429,NCT00010686,0
201429,NCT00010712,1
201429,NCT00011323,0
201429,NCT00021827,1
201429,NCT00073190,1
201429,NCT00092053,0
201429,NCT00145080,1
201429,NCT00170339,0
201429,NCT00224991,0
201429,NCT00226031,0
201429,NCT00273260,0
201429,NCT00280943,0
201429,NCT00301353,1
201429,NCT00303485,0
201429,NCT00327847,1
201429,NCT00347737,0
201429,NCT00376662,0
201429,NCT00386022,0
201429,NCT00432692,0
201429,NCT00540267,0
201429,NCT00545779,0
201429,NCT00575250,0
201429,NCT00578981,1
201429,NCT00609830,0
201429,NCT00698984,0
201429,NCT00703417,2
201429,NCT00762775,2
201429,NCT00787904,0
201429,NCT00846638,1
201429,NCT00860964,0
201429,NCT00982371,0
201429,NCT01035177,0
201429,NCT01128257,0
201429,NCT01141972,0
201429,NCT01152580,1
201429,NCT01206491,2
201429,NCT01227369,0
201429,NCT01232647,0
201429,NCT01314807,0
201429,NCT01341067,1
201429,NCT01360424,0
201429,NCT01440803,0
201429,NCT01452243,0
201429,NCT01512446,0
201429,NCT01607775,0
201429,NCT01677637,2
201429,NCT01698463,0
201429,NCT01821885,1
201429,NCT01846533,1
201429,NCT01854086,0
201429,NCT01870557,1
201429,NCT01928134,0
201429,NCT01934400,0
201429,NCT01935232,1
201429,NCT01978834,2
201429,NCT01998737,2
201429,NCT02066480,0
201429,NCT02115711,1
201429,NCT02164552,0
201429,NCT02184962,1
201429,NCT02273128,0
201429,NCT02347865,0
201429,NCT02422069,2
201429,NCT02472782,0
201429,NCT02534714,0
201429,NCT02551315,2
201429,NCT02594592,2
20143,NCT00001776,1
20143,NCT00001777,0
20143,NCT00003562,1
20143,NCT00003859,0
20143,NCT00005666,0
20143,NCT00006087,0
20143,NCT00024908,1
20143,NCT00047801,1
20143,NCT00049543,0
20143,NCT00088569,0
20143,NCT00124761,2
20143,NCT00128986,0
20143,NCT00172575,1
20143,NCT00181272,0
20143,NCT00188279,0
20143,NCT00188435,0
20143,NCT00193765,0
20143,NCT00202176,0
20143,NCT00303901,1
20143,NCT00339066,0
20143,NCT00382707,0
20143,NCT00423332,0
20143,NCT00466947,0
20143,NCT00517959,0
20143,NCT00578084,2
20143,NCT00579852,1
20143,NCT00591838,0
20143,NCT00613041,0
20143,NCT00629460,0
20143,NCT00633035,2
20143,NCT00643318,0
20143,NCT00757120,0
20143,NCT00839488,0
20143,NCT00852644,0
20143,NCT00894569,0
20143,NCT00897650,2
20143,NCT00907543,0
20143,NCT00918320,2
20143,NCT00963651,2
20143,NCT00992966,0
20143,NCT01028417,0
20143,NCT01085864,1
20143,NCT01109147,0
20143,NCT01141842,1
20143,NCT01149187,1
20143,NCT01152463,1
20143,NCT01152788,0
20143,NCT01201824,1
20143,NCT01221493,1
20143,NCT01272622,0
20143,NCT01349400,0
20143,NCT01351870,0
20143,NCT01354912,0
20143,NCT01452971,2
20143,NCT01465425,2
20143,NCT01561729,0
20143,NCT01566682,1
20143,NCT01572571,0
20143,NCT01572584,0
20143,NCT01586611,0
20143,NCT01605214,0
20143,NCT01649752,0
20143,NCT01654887,0
20143,NCT01663155,0
20143,NCT01668459,0
20143,NCT01669135,0
20143,NCT01696292,0
20143,NCT01696968,0
20143,NCT01700257,0
20143,NCT01739881,2
20143,NCT01802125,0
20143,NCT01803542,0
20143,NCT01847209,1
20143,NCT01863069,0
20143,NCT01864538,0
20143,NCT01908933,0
20143,NCT01951846,1
20143,NCT02013063,0
20143,NCT02022371,0
20143,NCT02050724,1
20143,NCT02051868,0
20143,NCT02081105,1
20143,NCT02095808,2
20143,NCT02096445,0
20143,NCT02137291,0
20143,NCT02225392,0
20143,NCT02289144,0
20143,NCT02374242,0
20143,NCT02434107,0
20143,NCT02439086,0
20143,NCT02441478,0
20143,NCT02445183,0
20143,NCT02448225,0
20143,NCT02490059,1
20143,NCT02501668,2
20143,NCT02505750,0
20143,NCT02519972,2
20143,NCT02563691,0
20143,NCT02623712,1
201430,NCT00005134,0
201430,NCT00005254,0
201430,NCT00005338,0
201430,NCT00118560,0
201430,NCT00171054,0
201430,NCT00173602,0
201430,NCT00185068,1
201430,NCT00262470,1
201430,NCT00310752,0
201430,NCT00311805,0
201430,NCT00368095,1
201430,NCT00471289,0
201430,NCT00481741,0
201430,NCT00485329,0
201430,NCT00603590,1
201430,NCT00721006,2
201430,NCT00725881,0
201430,NCT00739596,0
201430,NCT00753025,0
201430,NCT00762086,0
201430,NCT00768495,0
201430,NCT00781950,0
201430,NCT00883246,1
201430,NCT00926770,0
201430,NCT00931112,0
201430,NCT00996281,0
201430,NCT01002235,0
201430,NCT01019681,1
201430,NCT01041729,1
201430,NCT01076738,0
201430,NCT01118000,0
201430,NCT01250275,1
201430,NCT01289548,0
201430,NCT01335022,0
201430,NCT01362283,0
201430,NCT01382277,1
201430,NCT01397474,0
201430,NCT01422343,1
201430,NCT01475097,1
201430,NCT01475786,0
201430,NCT01499134,0
201430,NCT01505738,1
201430,NCT01624519,0
201430,NCT01625832,1
201430,NCT01691911,0
201430,NCT01698853,0
201430,NCT01741896,0
201430,NCT01801592,1
201430,NCT01902654,0
201430,NCT01970332,1
201430,NCT02003781,0
201430,NCT02051088,1
201430,NCT02057328,0
201430,NCT02097186,0
201430,NCT02110251,1
201430,NCT02123004,0
201430,NCT02133911,0
201430,NCT02217501,1
201430,NCT02254356,2
201430,NCT02273232,2
201430,NCT02406131,1
201430,NCT02427464,0
201430,NCT02427867,0
201430,NCT02431819,1
201430,NCT02433990,0
201430,NCT02436200,0
201430,NCT02516072,1
20144,NCT00044239,0
20144,NCT00053456,0
20144,NCT00100126,0
20144,NCT00162032,0
20144,NCT00254930,0
20144,NCT00271570,2
20144,NCT00305201,0
20144,NCT00591916,0
20144,NCT00604786,0
20144,NCT00643149,0
20144,NCT00793403,0
20144,NCT00841789,2
20144,NCT01050062,0
20144,NCT01173939,0
20144,NCT01212770,0
20144,NCT01244217,0
20144,NCT01281969,0
20144,NCT01307423,0
20144,NCT01433861,0
20144,NCT01440075,0
20144,NCT01491776,0
20144,NCT01494792,0
20144,NCT01596335,2
20144,NCT01917721,1
20144,NCT02031120,0
20144,NCT02063789,0
20144,NCT02247765,0
20144,NCT02317913,2
20144,NCT02390596,1
20144,NCT02439996,2
20144,NCT02457403,0
20144,NCT02557334,0
20144,NCT02624882,0
20145,NCT00000566,1
20145,NCT00003674,0
20145,NCT00005351,0
20145,NCT00041509,0
20145,NCT00043927,0
20145,NCT00075179,0
20145,NCT00083772,0
20145,NCT00123734,2
20145,NCT00138099,0
20145,NCT00163709,1
20145,NCT00178789,2
20145,NCT00182364,0
20145,NCT00196417,0
20145,NCT00203970,2
20145,NCT00264901,0
20145,NCT00277394,1
20145,NCT00314548,0
20145,NCT00321048,1
20145,NCT00329433,0
20145,NCT00361959,0
20145,NCT00365950,2
20145,NCT00368836,0
20145,NCT00455468,0
20145,NCT00456196,1
20145,NCT00618579,0
20145,NCT00714597,0
20145,NCT00719784,2
20145,NCT00726570,0
20145,NCT00726947,1
20145,NCT00743106,0
20145,NCT00756145,0
20145,NCT00771563,0
20145,NCT00789399,0
20145,NCT00816920,0
20145,NCT00997737,0
20145,NCT01137578,0
20145,NCT01164046,1
20145,NCT01183026,2
20145,NCT01212757,0
20145,NCT01258725,0
20145,NCT01298986,0
20145,NCT01300832,0
20145,NCT01307423,0
20145,NCT01317160,0
20145,NCT01318174,0
20145,NCT01344954,0
20145,NCT01394107,0
20145,NCT01444612,0
20145,NCT01535248,0
20145,NCT01542723,0
20145,NCT01542762,0
20145,NCT01557725,0
20145,NCT01559532,0
20145,NCT01604538,2
20145,NCT01662843,2
20145,NCT01708239,0
20145,NCT01724996,0
20145,NCT01729559,2
20145,NCT01752673,0
20145,NCT01770912,0
20145,NCT01793194,0
20145,NCT01849406,0
20145,NCT01856842,0
20145,NCT01899339,1
20145,NCT01935141,2
20145,NCT01940328,0
20145,NCT01956955,1
20145,NCT01959529,0
20145,NCT01970202,0
20145,NCT02070354,0
20145,NCT02102828,0
20145,NCT02134652,0
20145,NCT02356120,2
20145,NCT02369263,2
20145,NCT02393963,0
20145,NCT02406885,0
20145,NCT02447731,0
20145,NCT02507180,0
20145,NCT02553200,0
20145,NCT02584725,0
20146,NCT00004572,0
20146,NCT00006426,1
20146,NCT00013286,1
20146,NCT00015626,1
20146,NCT00034788,2
20146,NCT00095446,2
20146,NCT00117364,0
20146,NCT00134550,0
20146,NCT00235196,0
20146,NCT00269100,0
20146,NCT00289497,0
20146,NCT00304733,1
20146,NCT00311922,2
20146,NCT00338702,0
20146,NCT00355602,0
20146,NCT00358059,0
20146,NCT00399425,2
20146,NCT00410449,0
20146,NCT00446823,1
20146,NCT00469105,2
20146,NCT00477022,0
20146,NCT00512538,0
20146,NCT00519493,0
20146,NCT00519935,1
20146,NCT00521027,0
20146,NCT00621608,2
20146,NCT00655044,1
20146,NCT00754741,1
20146,NCT00789646,0
20146,NCT00807664,0
20146,NCT00830453,0
20146,NCT00839865,0
20146,NCT00866424,0
20146,NCT00916500,0
20146,NCT00950040,1
20146,NCT00955669,0
20146,NCT00970697,1
20146,NCT00990522,1
20146,NCT00999635,1
20146,NCT01005264,0
20146,NCT01013792,0
20146,NCT01028404,0
20146,NCT01043354,1
20146,NCT01094899,1
20146,NCT01181453,0
20146,NCT01211236,1
20146,NCT01217463,0
20146,NCT01217567,0
20146,NCT01237392,0
20146,NCT01259206,2
20146,NCT01263288,0
20146,NCT01285973,0
20146,NCT01319123,0
20146,NCT01339637,0
20146,NCT01356459,0
20146,NCT01370837,0
20146,NCT01396304,1
20146,NCT01396837,0
20146,NCT01417208,1
20146,NCT01432925,0
20146,NCT01449422,0
20146,NCT01477047,0
20146,NCT01480414,0
20146,NCT01531517,0
20146,NCT01542463,2
20146,NCT01580917,1
20146,NCT01583465,0
20146,NCT01584817,0
20146,NCT01586481,0
20146,NCT01657318,0
20146,NCT01666093,1
20146,NCT01716624,0
20146,NCT01733524,0
20146,NCT01796548,0
20146,NCT01827683,0
20146,NCT01865292,0
20146,NCT01912976,0
20146,NCT01924806,0
20146,NCT01951768,1
20146,NCT01966380,2
20146,NCT01986205,0
20146,NCT01998932,0
20146,NCT02007824,0
20146,NCT02052817,0
20146,NCT02073188,0
20146,NCT02087215,0
20146,NCT02136654,0
20146,NCT02144142,0
20146,NCT02169167,0
20146,NCT02217722,0
20146,NCT02222376,2
20146,NCT02235935,1
20146,NCT02251418,1
20146,NCT02294175,0
20146,NCT02329366,1
20146,NCT02379507,1
20146,NCT02405741,0
20146,NCT02447172,0
20146,NCT02458495,0
20146,NCT02482948,1
20146,NCT02512159,2
20146,NCT02557698,0
20146,NCT02563678,2
20146,NCT02583958,0
20146,NCT02586519,0
20146,NCT02598180,0
20146,NCT02619877,1
20146,NCT02621476,0
20147,NCT00000369,2
20147,NCT00005015,1
20147,NCT00006170,0
20147,NCT00012558,2
20147,NCT00043654,1
20147,NCT00044187,0
20147,NCT00063362,1
20147,NCT00074789,0
20147,NCT00088387,0
20147,NCT00114439,0
20147,NCT00116259,0
20147,NCT00156325,0
20147,NCT00156533,0
20147,NCT00167479,0
20147,NCT00174876,0
20147,NCT00177216,0
20147,NCT00194038,0
20147,NCT00202293,0
20147,NCT00203450,0
20147,NCT00221442,0
20147,NCT00223509,2
20147,NCT00226135,2
20147,NCT00275834,0
20147,NCT00277641,0
20147,NCT00277654,0
20147,NCT00296179,0
20147,NCT00296790,0
20147,NCT00318448,0
20147,NCT00332098,0
20147,NCT00348036,0
20147,NCT00374543,1
20147,NCT00380081,1
20147,NCT00383643,0
20147,NCT00384332,0
20147,NCT00393978,0
20147,NCT00394095,0
20147,NCT00422331,0
20147,NCT00431171,0
20147,NCT00432198,0
20147,NCT00464191,2
20147,NCT00466193,0
20147,NCT00469937,0
20147,NCT00485680,1
20147,NCT00492232,0
20147,NCT00494468,0
20147,NCT00501540,0
20147,NCT00545233,0
20147,NCT00552760,1
20147,NCT00563992,2
20147,NCT00573196,2
20147,NCT00579280,0
20147,NCT00582712,0
20147,NCT00584961,2
20147,NCT00592696,0
20147,NCT00601536,1
20147,NCT00601575,0
20147,NCT00602394,0
20147,NCT00602537,0
20147,NCT00606840,0
20147,NCT00608296,1
20147,NCT00630175,1
20147,NCT00641108,0
20147,NCT00658541,0
20147,NCT00662155,0
20147,NCT00665366,1
20147,NCT00672490,2
20147,NCT00684814,0
20147,NCT00709202,0
20147,NCT00716521,0
20147,NCT00720395,0
20147,NCT00721955,1
20147,NCT00741299,2
20147,NCT00750061,0
20147,NCT00781482,0
20147,NCT00806234,0
20147,NCT00814502,0
20147,NCT00820794,0
20147,NCT00838032,0
20147,NCT00845507,0
20147,NCT00845988,2
20147,NCT00883493,1
20147,NCT00934908,0
20147,NCT00936598,0
20147,NCT00956319,1
20147,NCT00957359,0
20147,NCT00986128,2
20147,NCT00993850,2
20147,NCT00997672,0
20147,NCT00998634,0
20147,NCT00999219,0
20147,NCT01006525,0
20147,NCT01012180,1
20147,NCT01072929,0
20147,NCT01074073,0
20147,NCT01075295,0
20147,NCT01093937,0
20147,NCT01117961,0
20147,NCT01134731,0
20147,NCT01159652,0
20147,NCT01166425,0
20147,NCT01172652,0
20147,NCT01181232,1
20147,NCT01181583,0
20147,NCT01184443,0
20147,NCT01259388,0
20147,NCT01293825,1
20147,NCT01363310,0
20147,NCT01385709,2
20147,NCT01395238,0
20147,NCT01416220,0
20147,NCT01428518,0
20147,NCT01471613,0
20147,NCT01491490,0
20147,NCT01526148,2
20147,NCT01551485,0
20147,NCT01689909,1
20147,NCT01704352,1
20147,NCT01736709,0
20147,NCT01764035,0
20147,NCT01783652,0
20147,NCT01784666,2
20147,NCT01804036,0
20147,NCT01855594,0
20147,NCT01863628,1
20147,NCT01892306,0
20147,NCT01893229,2
20147,NCT01896336,0
20147,NCT01928446,0
20147,NCT01944293,2
20147,NCT01954680,0
20147,NCT02003690,0
20147,NCT02033915,0
20147,NCT02039479,0
20147,NCT02090595,0
20147,NCT02096900,0
20147,NCT02116400,0
20147,NCT02129790,0
20147,NCT02139098,0
20147,NCT02163564,0
20147,NCT02198859,0
20147,NCT02281162,0
20147,NCT02287259,0
20147,NCT02323763,2
20147,NCT02353299,1
20147,NCT02399423,0
20147,NCT02484963,0
20147,NCT02490241,0
20147,NCT02491307,2
20147,NCT02525991,0
20147,NCT02527564,0
20147,NCT02593643,0
20147,NCT02604277,2
20147,NCT02607696,0
20148,NCT00002414,1
20148,NCT00004771,0
20148,NCT00031369,1
20148,NCT00040196,0
20148,NCT00077896,1
20148,NCT00104663,0
20148,NCT00108849,0
20148,NCT00169468,0
20148,NCT00297271,0
20148,NCT00306124,0
20148,NCT00340301,1
20148,NCT00393588,0
20148,NCT00439127,0
20148,NCT00474292,0
20148,NCT00476372,0
20148,NCT00526084,0
20148,NCT00631332,0
20148,NCT00718107,1
20148,NCT00718458,0
20148,NCT00781833,0
20148,NCT00786032,0
20148,NCT00812474,0
20148,NCT00816556,0
20148,NCT00832403,0
20148,NCT00897299,0
20148,NCT00921648,0
20148,NCT01022307,0
20148,NCT01050881,0
20148,NCT01122342,0
20148,NCT01231672,0
20148,NCT01238926,1
20148,NCT01315704,1
20148,NCT01388400,0
20148,NCT01390922,2
20148,NCT01438060,0
20148,NCT01463475,0
20148,NCT01507454,0
20148,NCT01519271,2
20148,NCT01555827,0
20148,NCT01586520,0
20148,NCT01592825,0
20148,NCT01628315,2
20148,NCT01637051,0
20148,NCT01641627,0
20148,NCT01677793,0
20148,NCT01725178,0
20148,NCT01862172,0
20148,NCT01910363,1
20148,NCT01942759,0
20148,NCT01944397,0
20148,NCT01960985,1
20148,NCT01962779,0
20148,NCT02002884,0
20148,NCT02020980,0
20148,NCT02045004,0
20148,NCT02056613,0
20148,NCT02067247,0
20148,NCT02152449,0
20148,NCT02208219,0
20148,NCT02212119,1
20148,NCT02275312,0
20148,NCT02440815,0
20148,NCT02480803,0
20148,NCT02544178,0
20148,NCT02571504,0
20148,NCT02579278,0
20148,NCT02588053,0
20148,NCT02589925,0
20148,NCT02604186,0
20149,NCT00124163,0
20149,NCT00237276,0
20149,NCT00291486,0
20149,NCT00476905,2
20149,NCT00610818,0
20149,NCT00617825,0
20149,NCT00667225,0
20149,NCT00684294,0
20149,NCT00911352,0
20149,NCT00937690,1
20149,NCT01010321,1
20149,NCT01014819,2
20149,NCT01023984,0
20149,NCT01072045,0
20149,NCT01125150,0
20149,NCT01259037,2
20149,NCT01384357,0
20149,NCT01405755,1
20149,NCT01406379,0
20149,NCT01444989,2
20149,NCT01492647,0
20149,NCT01509599,0
20149,NCT01541553,1
20149,NCT01565993,0
20149,NCT01574664,0
20149,NCT01633515,0
20149,NCT01636453,0
20149,NCT01680562,2
20149,NCT01700101,1
20149,NCT01800656,0
20149,NCT01950026,1
20149,NCT01994616,0
20149,NCT02005796,0
20149,NCT02009566,2
20149,NCT02063243,0
20149,NCT02063971,0
20149,NCT02147353,0
20149,NCT02156193,0
20149,NCT02160626,0
20149,NCT02196246,1
20149,NCT02220127,0
20149,NCT02260180,0
20149,NCT02366559,0
20149,NCT02432118,0
20149,NCT02476747,0
20149,NCT02525822,0
20149,NCT02537483,0
20149,NCT02615912,1
20151,NCT00038272,0
20151,NCT00040495,2
20151,NCT00147030,0
20151,NCT00152399,2
20151,NCT00153712,0
20151,NCT00164905,1
20151,NCT00164931,1
20151,NCT00165009,2
20151,NCT00282373,0
20151,NCT00314704,2
20151,NCT00316017,0
20151,NCT00374101,1
20151,NCT00392639,0
20151,NCT00432991,0
20151,NCT00441727,1
20151,NCT00612196,0
20151,NCT00624169,2
20151,NCT00687336,1
20151,NCT00727974,0
20151,NCT00731601,2
20151,NCT00751634,0
20151,NCT00753064,0
20151,NCT00771563,0
20151,NCT00797641,1
20151,NCT00810121,0
20151,NCT00838682,2
20151,NCT00843063,1
20151,NCT00854776,0
20151,NCT00881413,2
20151,NCT00950417,0
20151,NCT01040416,0
20151,NCT01041196,0
20151,NCT01080326,2
20151,NCT01123837,0
20151,NCT01138969,0
20151,NCT01142180,1
20151,NCT01142245,1
20151,NCT01155401,2
20151,NCT01165866,0
20151,NCT01180179,1
20151,NCT01182597,2
20151,NCT01292915,2
20151,NCT01353144,0
20151,NCT01371591,2
20151,NCT01408186,1
20151,NCT01411852,0
20151,NCT01474915,0
20151,NCT01551641,1
20151,NCT01560702,2
20151,NCT01822600,2
20151,NCT01838863,0
20151,NCT01845168,0
20151,NCT01888588,0
20151,NCT01911702,0
20151,NCT01923064,0
20151,NCT01926600,2
20151,NCT01956955,0
20151,NCT01993381,0
20151,NCT02017379,2
20151,NCT02049619,0
20151,NCT02088385,2
20151,NCT02105532,1
20151,NCT02150941,2
20151,NCT02166008,0
20151,NCT02197039,1
20151,NCT02241044,2
20151,NCT02245802,2
20151,NCT02316990,0
20151,NCT02342470,0
20151,NCT02352155,2
20151,NCT02358850,0
20151,NCT02417519,0
20151,NCT02446678,0
20151,NCT02456012,1
20151,NCT02461329,1
20151,NCT02477501,0
20151,NCT02535624,0
201510,NCT00001259,0
201510,NCT00004330,0
201510,NCT00040053,0
201510,NCT00064766,0
201510,NCT00225199,1
201510,NCT00260091,1
201510,NCT00290251,1
201510,NCT00374192,0
201510,NCT00461305,0
201510,NCT00472615,0
201510,NCT00534846,0
201510,NCT00552266,0
201510,NCT00563576,0
201510,NCT00611923,0
201510,NCT00633360,0
201510,NCT00754065,0
201510,NCT00789802,0
201510,NCT00849173,0
201510,NCT00856921,0
201510,NCT00866437,0
201510,NCT00967746,0
201510,NCT01128322,0
201510,NCT01141972,0
201510,NCT01295294,0
201510,NCT01297868,1
201510,NCT01309113,0
201510,NCT01353846,1
201510,NCT01368068,0
201510,NCT01377519,1
201510,NCT01412138,2
201510,NCT01428713,0
201510,NCT01541241,0
201510,NCT01588899,0
201510,NCT01601366,0
201510,NCT01840124,1
201510,NCT01928784,0
201510,NCT01936493,1
201510,NCT01941017,0
201510,NCT02084667,2
201510,NCT02197936,0
201510,NCT02201719,0
201510,NCT02340533,2
201510,NCT02400684,1
201510,NCT02459717,0
201510,NCT02470741,1
201510,NCT02481739,1
201510,NCT02511626,2
201510,NCT02633254,0
201511,NCT00004833,0
201511,NCT00008853,0
201511,NCT00111735,0
201511,NCT00192218,0
201511,NCT00206375,0
201511,NCT00267345,0
201511,NCT00287144,0
201511,NCT00320346,0
201511,NCT00352664,0
201511,NCT00357201,0
201511,NCT00360074,0
201511,NCT00486954,0
201511,NCT00493103,1
201511,NCT00524238,1
201511,NCT00535561,0
201511,NCT00552253,1
201511,NCT00565890,0
201511,NCT00679835,0
201511,NCT00715572,0
201511,NCT00818896,0
201511,NCT00836251,0
201511,NCT00844948,0
201511,NCT00895531,0
201511,NCT00906971,0
201511,NCT00921050,1
201511,NCT00965601,0
201511,NCT01006421,0
201511,NCT01029262,0
201511,NCT01049217,0
201511,NCT01072032,0
201511,NCT01074047,0
201511,NCT01115231,0
201511,NCT01197183,2
201511,NCT01236599,0
201511,NCT01258062,0
201511,NCT01306227,0
201511,NCT01486667,0
201511,NCT01525004,0
201511,NCT01574859,1
201511,NCT01576705,0
201511,NCT01577108,0
201511,NCT01647750,0
201511,NCT01665781,0
201511,NCT01695733,0
201511,NCT01716871,0
201511,NCT01719510,0
201511,NCT01739972,0
201511,NCT01832753,0
201511,NCT01840332,1
201511,NCT01848171,1
201511,NCT01853579,0
201511,NCT01862510,2
201511,NCT01901250,0
201511,NCT01916018,0
201511,NCT02029378,0
201511,NCT02073006,0
201511,NCT02077413,0
201511,NCT02086799,0
201511,NCT02113215,0
201511,NCT02222649,0
201511,NCT02308137,0
201511,NCT02399475,0
201511,NCT02430857,1
201511,NCT02451982,0
201511,NCT02452008,0
201511,NCT02509858,0
201511,NCT02511444,0
201511,NCT02516280,0
201511,NCT02528890,0
201511,NCT02563184,0
201511,NCT02591550,0
201512,NCT00002288,0
201512,NCT00069316,0
201512,NCT00097838,0
201512,NCT00135278,1
201512,NCT00162578,2
201512,NCT00226304,0
201512,NCT00227214,0
201512,NCT00231374,1
201512,NCT00355394,0
201512,NCT00452036,1
201512,NCT00483873,0
201512,NCT00557622,0
201512,NCT00565435,0
201512,NCT00594035,0
201512,NCT00619203,0
201512,NCT00658060,0
201512,NCT00681824,0
201512,NCT00704340,1
201512,NCT00735527,0
201512,NCT00736827,1
201512,NCT00764101,1
201512,NCT00766064,0
201512,NCT00779740,0
201512,NCT00783224,0
201512,NCT00927953,0
201512,NCT00938756,0
201512,NCT00979615,0
201512,NCT01135134,0
201512,NCT01339702,1
201512,NCT01355627,1
201512,NCT01369563,0
201512,NCT01425632,0
201512,NCT01448473,0
201512,NCT01478035,0
201512,NCT01481922,0
201512,NCT01482052,0
201512,NCT01503788,1
201512,NCT01512277,0
201512,NCT01522105,0
201512,NCT01540838,0
201512,NCT01554124,0
201512,NCT01680029,0
201512,NCT01730391,2
201512,NCT01730690,2
201512,NCT01747369,0
201512,NCT01781247,0
201512,NCT01799837,0
201512,NCT01802502,0
201512,NCT01815125,0
201512,NCT01861522,0
201512,NCT01897402,0
201512,NCT01915745,0
201512,NCT01918033,0
201512,NCT01943929,0
201512,NCT01977001,0
201512,NCT02011867,0
201512,NCT02021877,1
201512,NCT02063087,0
201512,NCT02119533,2
201512,NCT02236442,0
201512,NCT02238210,0
201512,NCT02247765,0
201512,NCT02261792,0
201512,NCT02263235,0
201512,NCT02357498,0
201512,NCT02418169,1
201512,NCT02457546,2
201512,NCT02467309,2
201512,NCT02475226,2
201512,NCT02486783,0
201512,NCT02495545,1
201512,NCT02633787,0
201513,NCT00001220,2
201513,NCT00001922,0
201513,NCT00066911,0
201513,NCT00071734,0
201513,NCT00104000,0
201513,NCT00173745,0
201513,NCT00315042,1
201513,NCT00315549,0
201513,NCT00344318,0
201513,NCT00394550,0
201513,NCT00455468,0
201513,NCT00491894,0
201513,NCT00515437,0
201513,NCT00569894,0
201513,NCT00597844,0
201513,NCT00626951,0
201513,NCT00653198,0
201513,NCT00679796,0
201513,NCT00713414,0
201513,NCT00734565,0
201513,NCT00905385,0
201513,NCT00912990,0
201513,NCT00938353,0
201513,NCT00954031,1
201513,NCT01017055,0
201513,NCT01036659,0
201513,NCT01044316,0
201513,NCT01075269,0
201513,NCT01125527,0
201513,NCT01186900,0
201513,NCT01194232,0
201513,NCT01198210,0
201513,NCT01226953,0
201513,NCT01227200,0
201513,NCT01249300,0
201513,NCT01249885,0
201513,NCT01255670,2
201513,NCT01255735,0
201513,NCT01292213,0
201513,NCT01342796,0
201513,NCT01362517,0
201513,NCT01404962,0
201513,NCT01406509,0
201513,NCT01428908,0
201513,NCT01501526,0
201513,NCT01580033,0
201513,NCT01609101,0
201513,NCT01682005,0
201513,NCT01715610,0
201513,NCT01730391,0
201513,NCT01749033,0
201513,NCT01790477,0
201513,NCT01817907,0
201513,NCT01833676,0
201513,NCT01894763,0
201513,NCT01925222,0
201513,NCT02013570,0
201513,NCT02102399,0
201513,NCT02217111,0
201513,NCT02264353,0
201513,NCT02264392,0
201513,NCT02379130,0
201513,NCT02428478,0
201513,NCT02436031,0
201513,NCT02464527,0
201513,NCT02610868,0
201516,NCT00000577,2
201516,NCT00001716,0
201516,NCT00001845,0
201516,NCT00006318,0
201516,NCT00029510,2
201516,NCT00092885,0
201516,NCT00220753,0
201516,NCT00273962,0
201516,NCT00287378,1
201516,NCT00304304,0
201516,NCT00346398,0
201516,NCT00377663,0
201516,NCT00426634,0
201516,NCT00428753,2
201516,NCT00489346,0
201516,NCT00521040,2
201516,NCT00549120,0
201516,NCT00569361,0
201516,NCT00660322,0
201516,NCT00710450,0
201516,NCT00711399,2
201516,NCT00731575,2
201516,NCT00747981,0
201516,NCT00805324,0
201516,NCT00839124,1
201516,NCT00860418,0
201516,NCT00920621,0
201516,NCT00930826,1
201516,NCT01107262,0
201516,NCT01113489,0
201516,NCT01175434,0
201516,NCT01318954,0
201516,NCT01338311,0
201516,NCT01405963,0
201516,NCT01520688,0
201516,NCT01706198,0
201516,NCT01720069,0
201516,NCT01721291,0
201516,NCT01748162,0
201516,NCT01789866,0
201516,NCT01855659,0
201516,NCT01868113,0
201516,NCT01895478,0
201516,NCT01957293,0
201516,NCT01978288,0
201516,NCT01984086,0
201516,NCT02026531,0
201516,NCT02104505,0
201516,NCT02113436,0
201516,NCT02127866,0
201516,NCT02182713,0
201516,NCT02182856,0
201516,NCT02235428,2
201516,NCT02249286,0
201516,NCT02258308,0
201516,NCT02269761,2
201516,NCT02296411,0
201516,NCT02301975,0
201516,NCT02360072,2
201516,NCT02380495,0
201516,NCT02507635,2
201516,NCT02542254,0
201516,NCT02544035,2
201516,NCT02579720,0
201516,NCT02609893,0
201517,NCT00092521,1
201517,NCT00119509,0
201517,NCT00120848,0
201517,NCT00122681,0
201517,NCT00294047,0
201517,NCT00316693,0
201517,NCT00421486,0
201517,NCT00435214,1
201517,NCT00443313,1
201517,NCT00458562,2
201517,NCT00461760,1
201517,NCT00501189,0
201517,NCT00518336,1
201517,NCT00520117,0
201517,NCT00673192,1
201517,NCT00736216,1
201517,NCT00743626,2
201517,NCT00854269,1
201517,NCT00925288,0
201517,NCT01034358,0
201517,NCT01086709,0
201517,NCT01097356,0
201517,NCT01131312,0
201517,NCT01158209,2
201517,NCT01192282,0
201517,NCT01207999,0
201517,NCT01213459,2
201517,NCT01231945,2
201517,NCT01384370,2
201517,NCT01446198,1
201517,NCT01512784,0
201517,NCT01539668,1
201517,NCT01550783,0
201517,NCT01637298,0
201517,NCT01671462,2
201517,NCT01824537,0
201517,NCT01824992,1
201517,NCT01826045,0
201517,NCT01881659,0
201517,NCT01953094,0
201517,NCT02113514,1
201517,NCT02328872,1
201517,NCT02431520,0
201517,NCT02561208,0
201517,NCT02634190,0
201518,NCT00000560,1
201518,NCT00001628,0
201518,NCT00001629,0
201518,NCT00005485,2
201518,NCT00005499,0
201518,NCT00012818,2
201518,NCT00013026,2
201518,NCT00053534,0
201518,NCT00107367,0
201518,NCT00126516,0
201518,NCT00133328,2
201518,NCT00149227,0
201518,NCT00156728,1
201518,NCT00159614,0
201518,NCT00162565,2
201518,NCT00182065,0
201518,NCT00208806,1
201518,NCT00263302,1
201518,NCT00270374,2
201518,NCT00274807,0
201518,NCT00305526,1
201518,NCT00305617,0
201518,NCT00309764,2
201518,NCT00319384,1
201518,NCT00344513,2
201518,NCT00355667,1
201518,NCT00367978,0
201518,NCT00381030,0
201518,NCT00382746,1
201518,NCT00400517,0
201518,NCT00433043,1
201518,NCT00444301,1
201518,NCT00514826,0
201518,NCT00521820,0
201518,NCT00523757,1
201518,NCT00530426,2
201518,NCT00534066,2
201518,NCT00578565,0
201518,NCT00597077,1
201518,NCT00623571,0
201518,NCT00633633,0
201518,NCT00634712,0
201518,NCT00654264,1
201518,NCT00663377,0
201518,NCT00664339,1
201518,NCT00681200,0
201518,NCT00753142,0
201518,NCT00767195,0
201518,NCT00770107,0
201518,NCT00791843,0
201518,NCT00887666,2
201518,NCT00913653,1
201518,NCT00957541,1
201518,NCT00971386,1
201518,NCT01041924,1
201518,NCT01091961,0
201518,NCT01113840,1
201518,NCT01138683,2
201518,NCT01141907,2
201518,NCT01148719,1
201518,NCT01161693,0
201518,NCT01282749,0
201518,NCT01294111,0
201518,NCT01307722,2
201518,NCT01335022,2
201518,NCT01354912,0
201518,NCT01390935,1
201518,NCT01414439,1
201518,NCT01457053,2
201518,NCT01467973,2
201518,NCT01469897,0
201518,NCT01514825,0
201518,NCT01519115,0
201518,NCT01529463,2
201518,NCT01566890,0
201518,NCT01647932,1
201518,NCT01661712,0
201518,NCT01671995,2
201518,NCT01691118,0
201518,NCT01698242,1
201518,NCT01772108,1
201518,NCT01786837,0
201518,NCT01794728,2
201518,NCT01822808,1
201518,NCT01826513,0
201518,NCT01868880,0
201518,NCT01906957,2
201518,NCT01936909,0
201518,NCT01971944,1
201518,NCT01976091,0
201518,NCT01977404,2
201518,NCT02006251,0
201518,NCT02050425,0
201518,NCT02107495,1
201518,NCT02127866,0
201518,NCT02149940,0
201518,NCT02173028,0
201518,NCT02189577,0
201518,NCT02203383,2
201518,NCT02227927,0
201518,NCT02289508,2
201518,NCT02296411,0
201518,NCT02305095,1
201518,NCT02334891,2
201518,NCT02344342,1
201518,NCT02347722,2
201518,NCT02357667,0
201518,NCT02378571,2
201518,NCT02389933,1
201518,NCT02429388,1
201518,NCT02542488,0
201518,NCT02546856,1
201518,NCT02553200,0
201518,NCT02606253,1
201518,NCT02610426,0
201518,NCT02614417,0
201518,NCT02620384,2
201518,NCT02632656,2
20152,NCT00000665,0
20152,NCT00000673,0
20152,NCT00000726,0
20152,NCT00000970,0
20152,NCT00000981,0
20152,NCT00001471,1
20152,NCT00001890,0
20152,NCT00002025,0
20152,NCT00002275,0
20152,NCT00005547,0
20152,NCT00005572,2
20152,NCT00034437,1
20152,NCT00077909,2
20152,NCT00159055,1
20152,NCT00225394,1
20152,NCT00241345,0
20152,NCT00411645,0
20152,NCT00442975,1
20152,NCT00471250,2
20152,NCT00495963,0
20152,NCT00497796,0
20152,NCT00547235,0
20152,NCT00662012,0
20152,NCT00674648,0
20152,NCT00699868,1
20152,NCT00766415,0
20152,NCT00817908,2
20152,NCT00838552,0
20152,NCT00907686,0
20152,NCT00954200,0
20152,NCT01088243,0
20152,NCT01128907,0
20152,NCT01220895,0
20152,NCT01251744,0
20152,NCT01259141,0
20152,NCT01292213,0
20152,NCT01301131,0
20152,NCT01376778,0
20152,NCT01395498,2
20152,NCT01587807,0
20152,NCT01646645,1
20152,NCT01810731,0
20152,NCT01818726,0
20152,NCT01833416,0
20152,NCT01862159,0
20152,NCT01903928,0
20152,NCT01945619,0
20152,NCT02025335,1
20152,NCT02081716,1
20152,NCT02083042,0
20152,NCT02136797,1
20152,NCT02152358,0
20152,NCT02154880,0
20152,NCT02156479,0
20152,NCT02328963,0
20152,NCT02370758,0
20152,NCT02406729,0
20152,NCT02474901,0
20152,NCT02496494,0
20152,NCT02509091,0
20152,NCT02527291,0
20152,NCT02532452,1
20152,NCT02622009,0
20152,NCT02630537,0
201520,NCT00133965,0
201520,NCT00150774,0
201520,NCT00182832,2
201520,NCT00183092,1
201520,NCT00246896,2
201520,NCT00327782,0
201520,NCT00368940,0
201520,NCT00391833,2
201520,NCT00397891,1
201520,NCT00416169,1
201520,NCT00450047,2
201520,NCT00459784,0
201520,NCT00479271,0
201520,NCT00646269,1
201520,NCT00745056,0
201520,NCT00866099,0
201520,NCT00880347,1
201520,NCT00996918,1
201520,NCT01113749,1
201520,NCT01238991,1
201520,NCT01245621,0
201520,NCT01314638,2
201520,NCT01329484,1
201520,NCT01345110,0
201520,NCT01350349,0
201520,NCT01357564,0
201520,NCT01532739,0
201520,NCT01565642,0
201520,NCT01652222,2
201520,NCT01796314,2
201520,NCT01933789,0
201520,NCT02055092,0
201520,NCT02066441,0
201520,NCT02086305,0
201520,NCT02174094,0
201520,NCT02187809,0
201520,NCT02236416,0
201520,NCT02271750,0
201520,NCT02387281,0
201520,NCT02397980,0
201520,NCT02432222,2
201520,NCT02441829,0
201520,NCT02505035,0
201520,NCT02518243,0
201520,NCT02519504,0
201520,NCT02521558,1
201520,NCT02549872,0
201521,NCT00001081,0
201521,NCT00002006,0
201521,NCT00002007,0
201521,NCT00002191,0
201521,NCT00002248,0
201521,NCT00002444,0
201521,NCT00058942,0
201521,NCT00153517,0
201521,NCT00207675,0
201521,NCT00304135,0
201521,NCT00338910,0
201521,NCT00367627,0
201521,NCT00507871,0
201521,NCT00526188,0
201521,NCT00545181,0
201521,NCT00564863,0
201521,NCT00624975,0
201521,NCT00662675,0
201521,NCT00741637,0
201521,NCT00741845,0
201521,NCT00755053,0
201521,NCT00798291,0
201521,NCT00902512,0
201521,NCT00950404,0
201521,NCT01138826,0
201521,NCT01142089,0
201521,NCT01172444,0
201521,NCT01177293,0
201521,NCT01226134,0
201521,NCT01233362,0
201521,NCT01255670,0
201521,NCT01329458,0
201521,NCT01427712,0
201521,NCT01534247,0
201521,NCT01559545,1
201521,NCT01590095,0
201521,NCT01646411,2
201521,NCT01704105,0
201521,NCT01729260,0
201521,NCT01738607,0
201521,NCT01745731,0
201521,NCT01762852,0
201521,NCT01780909,0
201521,NCT01792453,0
201521,NCT01813071,0
201521,NCT01837862,0
201521,NCT01840891,0
201521,NCT01938183,0
201521,NCT01959048,1
201521,NCT01973465,1
201521,NCT02032043,0
201521,NCT02054455,0
201521,NCT02105714,2
201521,NCT02175901,0
201521,NCT02203890,0
201521,NCT02234570,0
201521,NCT02295254,0
201521,NCT02340481,1
201521,NCT02362932,0
201521,NCT02394821,0
201521,NCT02428647,0
201521,NCT02498418,2
201521,NCT02521155,0
201521,NCT02530762,0
201521,NCT02551289,0
201521,NCT02604576,0
201521,NCT02609529,0
201521,NCT02625129,0
201523,NCT00032656,2
201523,NCT00084240,1
201523,NCT00089908,0
201523,NCT00254826,0
201523,NCT00272519,0
201523,NCT00290147,0
201523,NCT00458120,0
201523,NCT00465010,0
201523,NCT00473135,0
201523,NCT00498654,0
201523,NCT00617344,0
201523,NCT00619255,0
201523,NCT00629356,2
201523,NCT00788151,0
201523,NCT00842530,0
201523,NCT00942929,0
201523,NCT00951821,0
201523,NCT00963235,0
201523,NCT00981630,0
201523,NCT00992693,0
201523,NCT01110551,0
201523,NCT01229176,0
201523,NCT01436396,0
201523,NCT01489358,0
201523,NCT01502358,0
201523,NCT01577979,0
201523,NCT01646398,0
201523,NCT01856205,0
201523,NCT01983553,0
201523,NCT02091596,0
201523,NCT02114190,0
201523,NCT02134652,0
201523,NCT02281123,0
201523,NCT02334514,1
201523,NCT02510638,0
201523,NCT02570152,0
201523,NCT02608047,1
201523,NCT02623725,0
201524,NCT00002292,0
201524,NCT00011336,0
201524,NCT00042588,2
201524,NCT00062270,0
201524,NCT00118651,2
201524,NCT00118781,0
201524,NCT00132951,1
201524,NCT00157612,2
201524,NCT00207584,0
201524,NCT00220753,0
201524,NCT00271531,0
201524,NCT00312741,2
201524,NCT00390819,2
201524,NCT00396578,0
201524,NCT00448045,0
201524,NCT00455468,0
201524,NCT00467701,1
201524,NCT00530270,0
201524,NCT00540072,1
201524,NCT00588627,0
201524,NCT00702871,0
201524,NCT00711399,2
201524,NCT00714402,1
201524,NCT00724828,0
201524,NCT00851487,0
201524,NCT00858624,0
201524,NCT00867841,2
201524,NCT00873522,2
201524,NCT00920270,1
201524,NCT00929721,0
201524,NCT00977366,0
201524,NCT01017081,0
201524,NCT01071421,2
201524,NCT01075204,2
201524,NCT01118403,0
201524,NCT01192789,0
201524,NCT01280461,1
201524,NCT01319955,0
201524,NCT01336543,0
201524,NCT01443793,0
201524,NCT01452945,0
201524,NCT01485237,0
201524,NCT01553734,1
201524,NCT01554657,0
201524,NCT01561794,0
201524,NCT01570192,2
201524,NCT01621685,0
201524,NCT01631916,0
201524,NCT01661920,1
201524,NCT01662258,1
201524,NCT01704040,0
201524,NCT01707485,0
201524,NCT01763008,0
201524,NCT01800942,0
201524,NCT01952470,0
201524,NCT01997047,0
201524,NCT02058602,0
201524,NCT02074033,0
201524,NCT02107001,0
201524,NCT02139384,0
201524,NCT02141009,0
201524,NCT02244723,0
201524,NCT02258763,0
201524,NCT02264756,2
201524,NCT02276092,2
201524,NCT02303600,0
201524,NCT02352545,0
201524,NCT02372461,0
201524,NCT02447731,0
201524,NCT02458300,0
201524,NCT02467192,0
201524,NCT02489578,2
201524,NCT02492425,2
201524,NCT02559310,1
201524,NCT02591550,0
201524,NCT02591563,0
201525,NCT00002466,1
201525,NCT00003023,1
201525,NCT00005033,0
201525,NCT00020267,0
201525,NCT00030108,1
201525,NCT00313365,1
201525,NCT00328939,0
201525,NCT00519922,0
201525,NCT00627770,0
201525,NCT00658060,0
201525,NCT00733330,0
201525,NCT00743496,0
201525,NCT00857701,0
201525,NCT00923598,0
201525,NCT00978471,0
201525,NCT00995306,0
201525,NCT01030211,0
201525,NCT01048541,0
201525,NCT01062438,0
201525,NCT01094808,0
201525,NCT01145157,0
201525,NCT01170546,0
201525,NCT01193803,0
201525,NCT01214265,0
201525,NCT01258634,1
201525,NCT01293955,0
201525,NCT01306994,0
201525,NCT01380665,0
201525,NCT01482624,0
201525,NCT01499784,0
201525,NCT01625689,0
201525,NCT01786109,0
201525,NCT01807052,0
201525,NCT01807143,0
201525,NCT01953900,0
201525,NCT02011477,0
201525,NCT02018952,0
201525,NCT02067078,0
201525,NCT02104050,0
201525,NCT02107963,1
201525,NCT02196298,0
201525,NCT02331628,0
201525,NCT02345564,0
201525,NCT02374008,0
201525,NCT02405104,0
201525,NCT02438709,0
201525,NCT02487979,1
201525,NCT02496299,0
201525,NCT02502786,0
201525,NCT02508584,0
201525,NCT02530229,0
201525,NCT02533895,1
201527,NCT00131716,0
201527,NCT00166231,2
201527,NCT00239616,0
201527,NCT00399074,0
201527,NCT00414479,0
201527,NCT00439595,1
201527,NCT00440804,1
201527,NCT00473837,0
201527,NCT00842621,0
201527,NCT00893438,1
201527,NCT00944684,0
201527,NCT00971984,0
201527,NCT01019902,0
201527,NCT01040923,0
201527,NCT01050361,0
201527,NCT01110356,0
201527,NCT01134432,0
201527,NCT01159834,0
201527,NCT01181154,0
201527,NCT01204411,0
201527,NCT01345708,0
201527,NCT01356992,0
201527,NCT01428154,0
201527,NCT01521871,0
201527,NCT01594359,1
201527,NCT01665261,0
201527,NCT01756287,0
201527,NCT01835210,0
201527,NCT01878734,0
201527,NCT01960413,0
201527,NCT01985243,0
201527,NCT02065596,0
201527,NCT02105480,0
201527,NCT02158195,0
201527,NCT02222805,0
201527,NCT02276690,0
201527,NCT02389231,0
201527,NCT02471209,1
201527,NCT02512341,2
201527,NCT02583126,0
201527,NCT02590393,0
201527,NCT02612558,1
201527,NCT02626663,1
201528,NCT00000432,0
201528,NCT00000937,0
201528,NCT00000938,0
201528,NCT00001539,0
201528,NCT00132327,0
201528,NCT00138801,0
201528,NCT00503529,0
201528,NCT00594997,0
201528,NCT00910533,0
201528,NCT00910715,0
201528,NCT00942006,0
201528,NCT00977106,0
201528,NCT00992693,0
201528,NCT01013636,0
201528,NCT01031537,0
201528,NCT01635530,1
201528,NCT01862822,0
201528,NCT01954940,0
201528,NCT02361580,0
201528,NCT02421523,0
201528,NCT02463942,0
201528,NCT02474355,0
201528,NCT02536560,0
201528,NCT02613585,0
201529,NCT00000520,2
201529,NCT00044239,0
201529,NCT00095368,0
201529,NCT00100126,0
201529,NCT00170521,0
201529,NCT00242281,0
201529,NCT00299663,1
201529,NCT00315042,0
201529,NCT00315549,0
201529,NCT00535093,0
201529,NCT00788151,0
201529,NCT01039259,0
201529,NCT01064947,0
201529,NCT01182532,0
201529,NCT01281969,0
201529,NCT01514552,0
201529,NCT02010294,1
201529,NCT02114099,0
201529,NCT02359643,2
201529,NCT02457403,0
20153,NCT00035971,0
20153,NCT00043927,0
20153,NCT00045760,0
20153,NCT00154895,0
20153,NCT00182143,1
20153,NCT00182364,0
20153,NCT00187408,0
20153,NCT00188032,2
20153,NCT00219921,0
20153,NCT00225108,0
20153,NCT00264901,0
20153,NCT00302601,0
20153,NCT00311753,0
20153,NCT00314548,0
20153,NCT00358735,0
20153,NCT00361959,1
20153,NCT00378027,1
20153,NCT00413374,1
20153,NCT00413504,0
20153,NCT00421538,0
20153,NCT00425542,1
20153,NCT00451412,0
20153,NCT00462241,0
20153,NCT00539487,0
20153,NCT00643370,0
20153,NCT00700739,1
20153,NCT00707811,1
20153,NCT00720915,2
20153,NCT00740883,0
20153,NCT00823563,0
20153,NCT00873587,0
20153,NCT00878475,0
20153,NCT00954395,0
20153,NCT00957021,0
20153,NCT00967304,2
20153,NCT01014156,0
20153,NCT01084239,0
20153,NCT01096927,0
20153,NCT01097928,2
20153,NCT01112436,0
20153,NCT01117610,0
20153,NCT01133002,2
20153,NCT01139632,1
20153,NCT01164046,0
20153,NCT01169389,0
20153,NCT01214954,1
20153,NCT01230931,0
20153,NCT01240044,0
20153,NCT01242150,0
20153,NCT01245283,1
20153,NCT01274637,0
20153,NCT01274871,0
20153,NCT01285648,0
20153,NCT01291979,0
20153,NCT01298531,0
20153,NCT01304108,0
20153,NCT01308385,0
20153,NCT01312077,0
20153,NCT01312376,1
20153,NCT01313676,0
20153,NCT01319682,0
20153,NCT01326507,2
20153,NCT01355965,0
20153,NCT01499784,0
20153,NCT01531829,1
20153,NCT01535248,0
20153,NCT01546857,0
20153,NCT01599403,0
20153,NCT01604538,1
20153,NCT01608360,0
20153,NCT01608373,0
20153,NCT01633671,0
20153,NCT01635257,2
20153,NCT01660594,0
20153,NCT01721837,0
20153,NCT01724996,0
20153,NCT01743313,1
20153,NCT01787773,2
20153,NCT01803022,0
20153,NCT01817257,0
20153,NCT01849614,0
20153,NCT01871194,0
20153,NCT01898637,1
20153,NCT01935141,2
20153,NCT01959529,0
20153,NCT01992224,0
20153,NCT02008370,0
20153,NCT02015858,1
20153,NCT02134652,0
20153,NCT02204514,0
20153,NCT02230865,0
20153,NCT02235558,0
20153,NCT02248610,2
20153,NCT02258958,0
20153,NCT02271399,0
20153,NCT02289937,0
20153,NCT02334007,0
20153,NCT02355548,1
20153,NCT02356120,2
20153,NCT02375919,2
20153,NCT02386696,0
20153,NCT02402881,1
20153,NCT02408263,0
20153,NCT02427516,1
20153,NCT02437942,0
20153,NCT02440529,0
20153,NCT02446587,0
20153,NCT02458729,1
20153,NCT02476721,0
20153,NCT02507180,0
20153,NCT02531542,1
20153,NCT02532075,0
20153,NCT02546817,2
20153,NCT02553733,0
20153,NCT02558465,2
20153,NCT02596555,2
20153,NCT02601846,1
20153,NCT02604550,0
201530,NCT00214968,0
201530,NCT00251160,1
201530,NCT00251264,0
201530,NCT00358761,0
201530,NCT00398242,1
201530,NCT00398268,1
201530,NCT00492154,0
201530,NCT00533234,0
201530,NCT00551668,0
201530,NCT00586365,0
201530,NCT00707018,0
201530,NCT00710840,0
201530,NCT00849927,0
201530,NCT00891566,0
201530,NCT01032356,0
201530,NCT01038219,0
201530,NCT01062997,1
201530,NCT01110304,0
201530,NCT01143558,0
201530,NCT01296750,0
201530,NCT01355172,0
201530,NCT01434368,0
201530,NCT01562535,0
201530,NCT01577277,0
201530,NCT01589627,0
201530,NCT01744314,1
201530,NCT01762605,0
201530,NCT01773161,0
201530,NCT01773772,0
201530,NCT01934231,0
201530,NCT02079467,0
201530,NCT02085928,0
201530,NCT02154620,0
201530,NCT02290652,0
201530,NCT02357914,0
201530,NCT02463630,0
201530,NCT02475980,0
20154,NCT00081731,0
20154,NCT00171236,0
20154,NCT00241631,0
20154,NCT00292916,0
20154,NCT00321009,0
20154,NCT00350766,0
20154,NCT00388869,0
20154,NCT00407745,0
20154,NCT00417638,0
20154,NCT00449488,0
20154,NCT00450047,1
20154,NCT00485953,0
20154,NCT00497328,0
20154,NCT00557531,0
20154,NCT00561431,1
20154,NCT00683813,2
20154,NCT00701818,0
20154,NCT00704535,0
20154,NCT00711984,0
20154,NCT00756756,0
20154,NCT00774917,0
20154,NCT00804726,0
20154,NCT00808652,0
20154,NCT00843986,0
20154,NCT00844987,2
20154,NCT00909389,0
20154,NCT00919373,0
20154,NCT00964769,0
20154,NCT00990262,0
20154,NCT01004289,0
20154,NCT01032135,0
20154,NCT01050361,0
20154,NCT01070966,0
20154,NCT01076855,1
20154,NCT01084239,0
20154,NCT01086280,0
20154,NCT01091415,0
20154,NCT01107743,1
20154,NCT01115933,0
20154,NCT01128933,0
20154,NCT01172184,0
20154,NCT01173666,0
20154,NCT01205776,0
20154,NCT01206231,1
20154,NCT01208714,0
20154,NCT01210469,0
20154,NCT01243255,1
20154,NCT01251497,0
20154,NCT01253486,0
20154,NCT01288560,0
20154,NCT01310309,0
20154,NCT01369797,0
20154,NCT01399736,0
20154,NCT01403714,0
20154,NCT01408693,0
20154,NCT01458405,0
20154,NCT01482130,0
20154,NCT01604655,0
20154,NCT01653587,0
20154,NCT01673373,1
20154,NCT01701453,2
20154,NCT01724567,1
20154,NCT01784237,0
20154,NCT01818960,0
20154,NCT01858194,0
20154,NCT01917149,0
20154,NCT01923740,0
20154,NCT01960933,0
20154,NCT01971411,0
20154,NCT02008630,1
20154,NCT02012478,0
20154,NCT02071602,0
20154,NCT02072421,0
20154,NCT02109419,1
20154,NCT02117609,0
20154,NCT02196116,1
20154,NCT02222181,0
20154,NCT02269761,0
20154,NCT02356510,0
20154,NCT02385487,0
20154,NCT02412176,1
20154,NCT02424097,0
20154,NCT02458144,0
20154,NCT02487264,0
20154,NCT02590653,0
20154,NCT02594410,0
20155,NCT00001359,0
20155,NCT00023205,0
20155,NCT00094900,0
20155,NCT00106535,0
20155,NCT00170521,0
20155,NCT00205985,0
20155,NCT00264771,0
20155,NCT00303186,0
20155,NCT00339157,0
20155,NCT00342199,0
20155,NCT00420238,0
20155,NCT00422227,0
20155,NCT00534495,0
20155,NCT00793403,0
20155,NCT00847236,0
20155,NCT00977106,0
20155,NCT00982332,0
20155,NCT01058161,0
20155,NCT01083563,0
20155,NCT01103635,0
20155,NCT01169597,0
20155,NCT01258738,0
20155,NCT01273519,0
20155,NCT01285310,0
20155,NCT01294696,0
20155,NCT01298531,0
20155,NCT01314573,0
20155,NCT01345097,0
20155,NCT01396317,0
20155,NCT01423591,0
20155,NCT01454492,0
20155,NCT01456585,0
20155,NCT01459952,0
20155,NCT01550068,0
20155,NCT01557322,0
20155,NCT01712542,0
20155,NCT01748084,0
20155,NCT01782469,0
20155,NCT01821040,0
20155,NCT01859130,0
20155,NCT01886846,2
20155,NCT01900418,0
20155,NCT01920373,0
20155,NCT02111057,0
20155,NCT02118818,1
20155,NCT02129621,0
20155,NCT02162186,0
20155,NCT02188862,1
20155,NCT02218580,0
20155,NCT02241148,0
20155,NCT02353663,0
20155,NCT02407106,1
20155,NCT02498808,0
20155,NCT02513953,0
20155,NCT02564237,0
20155,NCT02588443,0
20155,NCT02592434,0
20155,NCT02609672,0
20155,NCT02627768,0
20156,NCT00000506,0
20156,NCT00027768,0
20156,NCT00085293,0
20156,NCT00115895,0
20156,NCT00145366,2
20156,NCT00150111,2
20156,NCT00150124,1
20156,NCT00150137,1
20156,NCT00259259,0
20156,NCT00306709,0
20156,NCT00348413,1
20156,NCT00383357,0
20156,NCT00400465,0
20156,NCT00428597,0
20156,NCT00432146,2
20156,NCT00437931,1
20156,NCT00439478,0
20156,NCT00464035,0
20156,NCT00471458,0
20156,NCT00486954,0
20156,NCT00488072,0
20156,NCT00505011,1
20156,NCT00588432,2
20156,NCT00593047,0
20156,NCT00625001,0
20156,NCT00677469,2
20156,NCT00739362,0
20156,NCT00794079,0
20156,NCT00796913,1
20156,NCT00822289,1
20156,NCT00878384,0
20156,NCT00946296,1
20156,NCT00946894,0
20156,NCT01083550,0
20156,NCT01163565,2
20156,NCT01182285,0
20156,NCT01182584,2
20156,NCT01204359,2
20156,NCT01227499,2
20156,NCT01247077,2
20156,NCT01274000,0
20156,NCT01297868,0
20156,NCT01307644,0
20156,NCT01320813,1
20156,NCT01379196,1
20156,NCT01436994,0
20156,NCT01528904,0
20156,NCT01534897,0
20156,NCT01566929,0
20156,NCT01579344,0
20156,NCT01611896,2
20156,NCT01692574,0
20156,NCT01717352,1
20156,NCT01744769,0
20156,NCT01779817,0
20156,NCT01789541,0
20156,NCT01834859,0
20156,NCT01865838,1
20156,NCT01872013,0
20156,NCT01885533,1
20156,NCT01902602,0
20156,NCT01913743,1
20156,NCT01945125,0
20156,NCT02005250,2
20156,NCT02030249,0
20156,NCT02068885,0
20156,NCT02086799,0
20156,NCT02103491,0
20156,NCT02107794,2
20156,NCT02162524,0
20156,NCT02172625,0
20156,NCT02190214,0
20156,NCT02194920,1
20156,NCT02203682,2
20156,NCT02205801,1
20156,NCT02210741,2
20156,NCT02373995,2
20156,NCT02375451,2
20156,NCT02378298,0
20156,NCT02390765,0
20156,NCT02393690,0
20156,NCT02418247,0
20156,NCT02513628,0
20156,NCT02620085,1
20157,NCT00010517,2
20157,NCT00026832,2
20157,NCT00036309,1
20157,NCT00046241,1
20157,NCT00047944,2
20157,NCT00129467,0
20157,NCT00145951,0
20157,NCT00149643,0
20157,NCT00166296,0
20157,NCT00179244,0
20157,NCT00188942,1
20157,NCT00215176,1
20157,NCT00264901,0
20157,NCT00290914,2
20157,NCT00296699,2
20157,NCT00360451,2
20157,NCT00379353,0
20157,NCT00380419,0
20157,NCT00400088,1
20157,NCT00488072,0
20157,NCT00492011,0
20157,NCT00516269,0
20157,NCT00564564,0
20157,NCT00610506,0
20157,NCT00617045,0
20157,NCT00632229,0
20157,NCT00641940,0
20157,NCT00759122,1
20157,NCT00767624,0
20157,NCT00772005,0
20157,NCT00814307,0
20157,NCT00851006,0
20157,NCT00854919,0
20157,NCT00855725,0
20157,NCT00861978,2
20157,NCT00915707,0
20157,NCT00939718,2
20157,NCT00946413,0
20157,NCT00955604,0
20157,NCT00963196,2
20157,NCT00965341,0
20157,NCT00971217,0
20157,NCT01024114,0
20157,NCT01029262,0
20157,NCT01030107,0
20157,NCT01055665,0
20157,NCT01074047,0
20157,NCT01077596,0
20157,NCT01093339,0
20157,NCT01117532,1
20157,NCT01128764,0
20157,NCT01145313,0
20157,NCT01191580,0
20157,NCT01220635,0
20157,NCT01256099,0
20157,NCT01284218,0
20157,NCT01334788,0
20157,NCT01371383,2
20157,NCT01375114,0
20157,NCT01379027,1
20157,NCT01426997,0
20157,NCT01469663,1
20157,NCT01477931,1
20157,NCT01496248,1
20157,NCT01496586,0
20157,NCT01510886,0
20157,NCT01533285,0
20157,NCT01550913,0
20157,NCT01579942,2
20157,NCT01583400,0
20157,NCT01632319,1
20157,NCT01656577,0
20157,NCT01663844,0
20157,NCT01665781,0
20157,NCT01682785,2
20157,NCT01725048,0
20157,NCT01743716,0
20157,NCT01799551,2
20157,NCT01808404,0
20157,NCT01862913,0
20157,NCT01896349,0
20157,NCT01948167,0
20157,NCT02021344,2
20157,NCT02023567,2
20157,NCT02038192,0
20157,NCT02082002,0
20157,NCT02088593,0
20157,NCT02092974,0
20157,NCT02099305,0
20157,NCT02112058,0
20157,NCT02116361,2
20157,NCT02185612,0
20157,NCT02204176,0
20157,NCT02296437,1
20157,NCT02358109,0
20157,NCT02409823,0
20157,NCT02410616,2
20157,NCT02473783,1
20157,NCT02521012,2
20157,NCT02549547,1
20157,NCT02593643,1
20157,NCT02614443,2
20157,NCT02633449,2
20158,NCT00006323,0
20158,NCT00156442,0
20158,NCT00224731,0
20158,NCT00233194,1
20158,NCT00300872,0
20158,NCT00358527,0
20158,NCT00393913,1
20158,NCT00462254,0
20158,NCT00494468,1
20158,NCT00623246,1
20158,NCT00691080,0
20158,NCT00772005,0
20158,NCT00787397,0
20158,NCT00832026,0
20158,NCT00859690,0
20158,NCT00881985,0
20158,NCT00927030,0
20158,NCT01102998,0
20158,NCT01269073,0
20158,NCT01301989,0
20158,NCT01335594,1
20158,NCT01525160,0
20158,NCT01554527,1
20158,NCT01613131,0
20158,NCT01661712,0
20158,NCT01775241,0
20158,NCT01820156,0
20158,NCT02012868,0
20158,NCT02034175,0
20158,NCT02053012,1
20158,NCT02073305,0
20158,NCT02255721,0
20158,NCT02371057,0
20158,NCT02442999,0
20158,NCT02447614,1
20158,NCT02506166,0
20158,NCT02517346,0
20158,NCT02518633,0
20158,NCT02562040,1
20158,NCT02569749,0
20159,NCT00001912,0
20159,NCT00005288,0
20159,NCT00035971,0
20159,NCT00043927,0
20159,NCT00045760,0
20159,NCT00172263,0
20159,NCT00217737,0
20159,NCT00220753,0
20159,NCT00280514,0
20159,NCT00300417,0
20159,NCT00374309,0
20159,NCT00392847,0
20159,NCT00428831,0
20159,NCT00539487,0
20159,NCT00568711,0
20159,NCT00586677,0
20159,NCT00592566,0
20159,NCT00658060,0
20159,NCT00662012,0
20159,NCT00689546,0
20159,NCT00856232,0
20159,NCT00946712,0
20159,NCT00992693,0
20159,NCT01013662,0
20159,NCT01080989,0
20159,NCT01090232,0
20159,NCT01163123,0
20159,NCT01302418,0
20159,NCT01313676,0
20159,NCT01375621,0
20159,NCT01379326,0
20159,NCT01506583,0
20159,NCT01567969,0
20159,NCT01577771,0
20159,NCT01618175,0
20159,NCT01625689,0
20159,NCT01658267,0
20159,NCT01661491,0
20159,NCT01663402,0
20159,NCT01721837,0
20159,NCT01766830,1
20159,NCT01891084,0
20159,NCT01921842,0
20159,NCT01959529,0
20159,NCT02134652,0
20159,NCT02164513,0
20159,NCT02258763,0
20159,NCT02459171,0
20159,NCT02459327,0
20159,NCT02498964,0
20159,NCT02612896,0
20159,NCT02633319,0
